snapshot,captured_at,kind,raw_snapshot_bytes,records,logical_value_bytes,changed,inserted,deleted,unique_added_bytes,independent_zstd6_bytes,cumulative_unique_bytes,cumulative_zstd6_bytes
20261006-171853,2026-10-06T17:18:53+08:00,base,513309294,1939513,3002193522,0,1939513,0,474594959,510751822,474594959,510751822
20261006-181805,2026-10-06T18:18:05+08:00,delta,514142030,1941451,3005126915,1985,2328,390,909989,511293893,475504948,1022045715
20261006-203057,2026-10-06T20:30:57+08:00,delta,554693487,1983292,3082357664,5045,42726,885,13890515,524652499,489395463,1546698214
20261006-203501,2026-10-06T20:35:01+08:00,delta,545694963,1986139,3087394325,761,3003,156,1031897,525570265,490427360,2072268479
20261006-234505,2026-10-06T23:45:05+08:00,delta,549822689,2038361,3182529053,7001,53198,976,17650029,542527577,508077389,2614796056
20261007-120004,2026-10-07T12:00:04+08:00,delta,568130809,2084698,3282531626,9435,47632,1295,16599556,558354019,524676945,3173150075
20261007-163011,2026-10-07T16:30:11+08:00,delta,590120916,2163740,3408113652,10929,80185,1143,25429665,583051264,550106610,3756201339
20261007-203006,2026-10-07T20:30:06+08:00,delta,599865602,2201690,3473682768,7281,39620,1670,13356756,595114174,563463366,4351315513
20261007-234502,2026-10-07T23:45:02+08:00,delta,603445269,2206980,3482274251,4068,5953,663,2468484,596497173,565931850,4947812686
20261008-005422,2026-10-08T00:54:22+08:00,delta,599172051,2207580,3482859473,1841,841,241,425387,596622648,566357237,5544435334
20261008-120010,2026-10-08T12:00:10+08:00,delta,599214271,2207965,3483476019,1574,604,219,532828,596693327,566890065,6141128661
20261008-163010,2026-10-08T16:30:10+08:00,delta,601676249,2208759,3484987875,2526,1083,289,783536,596994117,567673601,6738122778
20261008-203005,2026-10-08T20:30:05+08:00,delta,606767612,2219174,3500197077,3115,10774,359,2581817,599206675,570255418,7337329453
20261008-234504,2026-10-08T23:45:04+08:00,delta,617457107,2260353,3564044575,8711,42220,1041,12375168,610231307,582630586,7947560760
